,section,path,text,lemma_text
0,.530a,https://www.perseus.tufts.edu/hopper/xmlchunk?doc=Perseus%3atext%3a1999.01.0179%3atext%3dIon%3Asection%3D530a,"τὸν Ἴωνα χαίρειν. πόθεν τὰ νῦν ἡμῖν ἐπιδεδήμηκας; ἢ οἴκοθεν ἐξ Ἐφέσου; οὐδαμῶς, ὦ Σώκρατες, ἀλλ᾽ ἐξ Ἐπιδαύρου ἐκ τῶν Ἀσκληπιείων. μῶν καὶ ῥαψῳδῶν ἀγῶνα τιθέασιν τῷ θεῷ οἱ Ἐπιδαύριοι; πάνυ γε, καὶ τῆς ἄλλης γε μουσικῆς. τί οὖν; ἠγωνίζου τι ἡμῖν; καὶ πῶς τι ἠγωνίσω;
","Ἴωων χαίρω . πόθεν νῦν ἐπιδεδήμηκας ; οἴκοθεν ἔφεσος ; οὐδαμῶς , Σώκρατες , ἀλλ᾽ ἐπίδαυρος Ἀσκληπιεῖα . μῶν ῥαψῳδῶν ἀγών τίθημι θεός ἐπιδαύριος ; πάνυ , μουσικῆ . ; ἠγωνίζου ; πῶς ἠγωνίζω ; 
"
1,.530b,https://www.perseus.tufts.edu/hopper/xmlchunk?doc=Perseus%3atext%3a1999.01.0179%3atext%3dIon%3Asection%3D530b," τὰ πρῶτα τῶν ἄθλων ἠνεγκάμεθα, ὦ Σώκρατες. εὖ λέγεις: ἄγε δὴ ὅπως καὶ τὰ Παναθήναια νικήσομεν. ἀλλ᾽ ἔσται ταῦτα, ἐὰν θεὸς ἐθέλῃ. καὶ μὴν πολλάκις γε ἐζήλωσα ὑμᾶς τοὺς ῥαψῳδούς, ὦ Ἴων, τῆς τέχνης: τὸ γὰρ ἅμα μὲν τὸ σῶμα κεκοσμῆσθαι ἀεὶ πρέπον ὑμῶν εἶναι τῇ τέχνῃ καὶ ὡς καλλίστοις φαίνεσθαι, ἅμα δὲ ἀναγκαῖον εἶναι ἔν τε ἄλλοις ποιηταῖς διατρίβειν πολλοῖς καὶ ἀγαθοῖς καὶ δὴ καὶ μάλιστα ἐν Ὁμήρῳ, τῷ ἀρίστῳ καὶ θειοτάτῳ τῶν ποιητῶν, καὶ τὴν τούτου διάνοιαν
","  πρῶτος ἆθλον ἠνεγκάμεθα , Σώκρατες . εὖ λέγω : ἄγε ὅπως Παναθήναιον νικαίνω . ἀλλ᾽ , θεός ἐθέλω . μήν πολλάκις ἐζήλωσα ῥαψῳδούς , ἴον , τέχνη : ἅμα σῶμα κεκοσμῆσθαι ἀεί πρέπω τέχνη καλλῖστος φαίνω , ἅμα ἀναγκαῖος ποιητής διατρίβω πολύς ἀγαθός μάλιστα Ὅμηρος , ἄριστος θειοτάτῳ ποιητής , διάνοια 
"
2,.530c,https://www.perseus.tufts.edu/hopper/xmlchunk?doc=Perseus%3atext%3a1999.01.0179%3atext%3dIon%3Asection%3D530c,"ἐκμανθάνειν, μὴ μόνον τὰ ἔπη, ζηλωτόν ἐστιν. οὐ γὰρ ἂν γένοιτό ποτε ἀγαθὸς ῥαψῳδός, εἰ μὴ συνείη τὰ λεγόμενα ὑπὸ τοῦ ποιητοῦ. τὸν γὰρ ῥαψῳδὸν ἑρμηνέα δεῖ τοῦ ποιητοῦ τῆς διανοίας γίγνεσθαι τοῖς ἀκούουσι: τοῦτο δὲ καλῶς ποιεῖν μὴ γιγνώσκοντα ὅτι λέγει ὁ ποιητὴς ἀδύνατον. ταῦτα οὖν πάντα ἄξια ζηλοῦσθαι. ἀληθῆ λέγεις, ὦ Σώκρατες: ἐμοὶ γοῦν τοῦτο πλεῖστον ἔργον παρέσχεν τῆς τέχνης, καὶ οἶμαι κάλλιστα ἀνθρώπων λέγειν περὶ Ὁμήρου, ὡς οὔτε Μητρόδωρος ὁ
","ἐκμανθάνω , μόνος ἔπος , ζηλωτος . γίγνομαι ποτε ἀγαθός ῥαψῳδός , συνή λέγω ποιητής . ῥαψῳδός ἑρμηνεύς δεῖ ποιητής διάνοια γίγνομαι ἀκούω : καλός ποιέω γιγνώσκω λέγω ποιητής ἀδύνατος . πᾶς ἄξιος ζηλόω . ἀληθής λέγω , Σώκρατες : γοῦν πλεῖστος ἔργον παρέχω τέχνη , οἱόμαι καλός ἄνθρωπος λέγω Ὅμηρος , Μητρόδωρος 
"
3,.530d,https://www.perseus.tufts.edu/hopper/xmlchunk?doc=Perseus%3atext%3a1999.01.0179%3atext%3dIon%3Asection%3D530d,"Λαμψακηνὸς οὔτε Στησίμβροτος ὁ Θάσιος οὔτε Γλαύκων οὔτε ἄλλος οὐδεὶς τῶν πώποτε γενομένων ἔσχεν εἰπεῖν οὕτω πολλὰς καὶ καλὰς διανοίας περὶ Ὁμήρου ὅσας ἐγώ. εὖ λέγεις, ὦ Ἴων: δῆλον γὰρ ὅτι οὐ φθονήσεις μοι ἐπιδεῖξαι. καὶ μὴν ἄξιόν γε ἀκοῦσαι, ὦ Σώκρατες, ὡς εὖ κεκόσμηκα τὸν Ὅμηρον: ὥστε οἶμαι ὑπὸ Ὁμηριδῶν ἄξιος εἶναι χρυσῷ στεφάνῳ στεφανωθῆναι. καὶ μὴν ἐγὼ ἔτι ποιήσομαι σχολὴν ἀκροάσασθαί
","Λαμψακηνός Στησίμβροτος Θάσιος Γλαύκων πώποτε γίγνομαι ἔχω εἶπον πολύς καλός διάνοια Ὅμηρος ὅσος . εὖ λέγω , ἴον : δῆλος φθονέω ἐπιδείκνυμι . μήν ἄξιος ἀκούω , Σώκρατες , εὖ κεκόσμηκα Ὅμηρος : οἱόμαι Ὁμηριδῶν ἄξιος χρυσός στέφανος στεφανόω . μήν ποιέω σχολή ἀκροάομαί 
"
4,.531a,https://www.perseus.tufts.edu/hopper/xmlchunk?doc=Perseus%3atext%3a1999.01.0179%3atext%3dIon%3Asection%3D531a,"σου, νῦν δέ μοι τοσόνδε ἀπόκριναι: πότερον περὶ Ὁμήρου μόνον δεινὸς εἶ ἢ καὶ περὶ Ἡσιόδου καὶ Ἀρχιλόχου; οὐδαμῶς, ἀλλὰ περὶ Ὁμήρου μόνον: ἱκανὸν γάρ μοι δοκεῖ εἶναι. ἔστι δὲ περὶ ὅτου Ὅμηρός τε καὶ Ἡσίοδος ταὐτὰ λέγετον; οἶμαι ἔγωγε καὶ πολλά. πότερον οὖν περὶ τούτων κάλλιον ἂν ἐξηγήσαιο ἃ Ὅμηρος λέγει ἢ ἃ Ἡσίοδος; ὁμοίως ἂν περί γε τούτων, ὦ
",", νῦν τοσόσδε ἀπόκριναι : πότερος Ὅμηρος μόνος δεινός Ἡσιόδας Ἀρχιλόχας ; οὐδαμῶς , Ὅμηρος μόνος : ἱκανός δοκέω . Ὅμηρός ἡσίοδος λέγω ; οἱόμαι πολύς . πότερος καλός ἐξηγέομαι ὅμηρος λέγω ἡσίοδος ; ὁμοίως , 
"
5,.531b,https://www.perseus.tufts.edu/hopper/xmlchunk?doc=Perseus%3atext%3a1999.01.0179%3atext%3dIon%3Asection%3D531b,"Σώκρατες, περὶ ὧν ταὐτὰ λέγουσιν. τί δὲ ὧν πέρι μὴ ταὐτὰ λέγουσιν; οἷον περὶ μαντικῆς λέγει τι Ὅμηρός τε καὶ Ἡσίοδος. πάνυ γε. τί οὖν; ὅσα τε ὁμοίως καὶ ὅσα διαφόρως περὶ μαντικῆς λέγετον τὼ ποιητὰ τούτω, πότερον σὺ κάλλιον ἂν ἐξηγήσαιο ἢ τῶν μάντεών τις τῶν ἀγαθῶν; τῶν μάντεων. εἰ δὲ σὺ ἦσθα μάντις, οὐκ, εἴπερ περὶ τῶν ὁμοίως λεγομένων οἷός τ᾽ ἦσθα ἐξηγήσασθαι, καὶ περὶ τῶν διαφόρως λεγομένων ἠπίστω ἂν ἐξηγεῖσθαι; δῆλον ὅτι.
","Σώκρατες , λέγω . λέγω ; οἷος μαντικῆ λέγω Ὅμηρός ἡσίοδος . πάνυ . ; ὅσος ὁμοίως ὅσος διαφόρως μαντικῆ λέγω ποιητὰ , πότερος καλός ἐξηγέομαι μάντεών ἀγαθός ; μάντις . μάντις , , εἴπερ ὁμοίως λέγω οἷος τ᾽ ἐξηγέομαι , διαφόρως λέγω ἠπίστω ἐξηγέομαι ; δῆλος . 
"
6,.531c,https://www.perseus.tufts.edu/hopper/xmlchunk?doc=Perseus%3atext%3a1999.01.0179%3atext%3dIon%3Asection%3D531c," τί οὖν ποτε περὶ μὲν Ὁμήρου δεινὸς εἶ, περὶ δὲ Ἡσιόδου οὔ, οὐδὲ τῶν ἄλλων ποιητῶν; ἢ Ὅμηρος περὶ ἄλλων τινῶν λέγει ἢ ὧνπερ σύμπαντες οἱ ἄλλοι ποιηταί; οὐ περὶ πολέμου τε τὰ πολλὰ διελήλυθεν καὶ περὶ ὁμιλιῶν πρὸς ἀλλήλους ἀνθρώπων ἀγαθῶν τε καὶ κακῶν καὶ ἰδιωτῶν καὶ δημιουργῶν, καὶ περὶ θεῶν πρὸς ἀλλήλους καὶ πρὸς ἀνθρώπους ὁμιλούντων, ὡς ὁμιλοῦσι, καὶ περὶ τῶν οὐρανίων παθημάτων καὶ περὶ τῶν ἐν Ἅιδου, καὶ γενέσεις καὶ θεῶν
","  ποτε Ὅμηρος δεινός , Ἡσιόδας , ποιητής ; ὅμηρος λέγω σύμπας ποιητής ; πόλεμος πολύς διέρχομαι ὁμιλιή ἀλλήλων ἄνθρωπος ἀγαθός κακός ἰδιώτης δημιουργῶν , θεός ἀλλήλων ἄνθρωπος ὁμιλέω , ὁμιλέω , οὐράνιος πάθημα ᾅδης , γένεσις θεός 
"
7,.531d,https://www.perseus.tufts.edu/hopper/xmlchunk?doc=Perseus%3atext%3a1999.01.0179%3atext%3dIon%3Asection%3D531d,"καὶ ἡρώων; οὐ ταῦτά ἐστι περὶ ὧν Ὅμηρος τὴν ποίησιν πεποίηκεν; ἀληθῆ λέγεις, ὦ Σώκρατες. τί δὲ οἱ ἄλλοι ποιηταί; οὐ περὶ τῶν αὐτῶν τούτων; ναί, ἀλλ᾽, ὦ Σώκρατες, οὐχ ὁμοίως πεποιήκασι καὶ Ὅμηρος. τί μήν; κάκιον; πολύ γε. Ὅμηρος δὲ ἄμεινον; ἄμεινον μέντοι νὴ Δία. οὐκοῦν, ὦ φίλη κεφαλὴ Ἴων, ὅταν περὶ ἀριθμοῦ πολλῶν λεγόντων εἷς τις ἄριστα λέγῃ, γνώσεται δήπου τις
","ἥρως ; ὅμηρος ποίησις ποιέω ; ἀληθής λέγω , Σώκρατες . ποιητής ; ; ναί , ἀλλ᾽ , Σώκρατες , ὁμοίως ποιέω ὅμηρος . μήν ; κακός ; πολύς . ὅμηρος ἀγαθός ; ἀγαθός μέντοι νή ζεύς . οὐκοῦν , φίλος κεφαλή ἴον , ὅταν ἀριθμός πολύς λέγω εἷς ἄριστος λέγω , γιγνώσκω δήπου 
"
8,.531e,https://www.perseus.tufts.edu/hopper/xmlchunk?doc=Perseus%3atext%3a1999.01.0179%3atext%3dIon%3Asection%3D531e,"τὸν εὖ λέγοντα; φημί. πότερον οὖν ὁ αὐτὸς ὅσπερ καὶ τοὺς κακῶς λέγοντας, ἢ ἄλλος; ὁ αὐτὸς δήπου. οὐκοῦν ὁ τὴν ἀριθμητικὴν τέχνην ἔχων οὗτός ἐστιν; ναί. τί δ᾽; ὅταν πολλῶν λεγόντων περὶ ὑγιεινῶν σιτίων ὁποῖά ἐστιν, εἷς τις ἄριστα λέγῃ, πότερον ἕτερος μέν τις τὸν ἄριστα λέγοντα γνώσεται ὅτι ἄριστα λέγει, ἕτερος δὲ τὸν κάκιον ὅτι κάκιον, ἢ ὁ αὐτός; δῆλον δήπου, ὁ αὐτός. τίς οὗτος; τί ὄνομα αὐτῷ; ἰατρός. οὐκοῦν ἐν κεφαλαίῳ λέγομεν ὡς ὁ αὐτὸς γνώσεται ἀεί, περὶ τῶν αὐτῶν πολλῶν λεγόντων,
","εὖ λέγω ; φημί . πότερος κακός λέγω , ; δήπου . οὐκοῦν ἀριθμητικὴ τέχνη ἔχω ; ναί . δέ ; ὅταν πολύς λέγω ὑγιεινός σιτίον ὁποῖος , εἷς ἄριστος λέγω , πότερος ἕτερος ἄριστος λέγω γιγνώσκω ἄριστος λέγω , ἕτερος κακός κακός , ; δῆλος δήπου , . ; ὄνομα ; ἰατρός . οὐκοῦν κεφάλαιος λέγω γιγνώσκω ἀεί , πολύς λέγω , 
"
9,.532a,https://www.perseus.tufts.edu/hopper/xmlchunk?doc=Perseus%3atext%3a1999.01.0179%3atext%3dIon%3Asection%3D532a,"ὅστις τε εὖ λέγει καὶ ὅστις κακῶς: ἢ εἰ μὴ γνώσεται τὸν κακῶς λέγοντα, δῆλον ὅτι οὐδὲ τὸν εὖ, περί γε τοῦ αὐτοῦ. οὕτως. οὐκοῦν ὁ αὐτὸς γίγνεται δεινὸς περὶ ἀμφοτέρων; ναί. οὐκοῦν σὺ φῂς καὶ Ὅμηρον καὶ τοὺς ἄλλους ποιητάς, ἐν οἷς καὶ Ἡσίοδος καὶ Ἀρχίλοχός ἐστιν, περί γε τῶν αὐτῶν λέγειν, ἀλλ᾽ οὐχ ὁμοίως, ἀλλὰ τὸν μὲν εὖ γε, τοὺς δὲ χεῖρον; καὶ ἀληθῆ λέγω. οὐκοῦν, εἴπερ τὸν εὖ λέγοντα γιγνώσκεις,
","εὖ λέγω κακός : γιγνώσκω κακός λέγω , δῆλος εὖ , . . οὐκοῦν γίγνομαι δεινός ἀμφότερος ; ναί . οὐκοῦν φημί Ὅμηρος ποιητάς , ἡσίοδος Ἀρχίλοχός , λέγω , ἀλλ᾽ ὁμοίως , εὖ , χείρων ; ἀληθής λέγω . οὐκοῦν , εἴπερ εὖ λέγω γιγνώσκω , 
"
10,.532b,https://www.perseus.tufts.edu/hopper/xmlchunk?doc=Perseus%3atext%3a1999.01.0179%3atext%3dIon%3Asection%3D532b,"καὶ τοὺς χεῖρον λέγοντας γιγνώσκοις ἂν ὅτι χεῖρον λέγουσιν. ἔοικέν γε. οὐκοῦν, ὦ βέλτιστε, ὁμοίως τὸν Ἴωνα λέγοντες περὶ Ὁμήρου τε δεινὸν εἶναι καὶ περὶ τῶν ἄλλων ποιητῶν οὐχ ἁμαρτησόμεθα, ἐπειδή γε αὐτὸς ὁμολογῇ τὸν αὐτὸν ἔσεσθαι κριτὴν ἱκανὸν πάντων ὅσοι ἂν περὶ τῶν αὐτῶν λέγωσι, τοὺς δὲ ποιητὰς σχεδὸν ἅπαντας τὰ αὐτὰ ποιεῖν. τί οὖν ποτε τὸ αἴτιον, ὦ Σώκρατες, ὅτι ἐγώ, ὅταν μέν τις περὶ ἄλλου του ποιητοῦ διαλέγηται, οὔτε προσέχω
","χείρων λέγω γιγνώσκω χείρων λέγω . ἔοικέν . οὐκοῦν , βέλτιστος , ὁμοίως Ἴων λέγω Ὅμηρος δεινός ποιητής ἁμαρταίνω , ἐπειδή ὁμολογέω κριτής ἱκανός πᾶς ὅσος λέγω , ποιητός σχεδόν ἅπας ποιέω . ποτε αἴτιος , Σώκρατες , , ὅταν ποιητής διαλέγω , ἐπροσέχω 
"
11,.532c,https://www.perseus.tufts.edu/hopper/xmlchunk?doc=Perseus%3atext%3a1999.01.0179%3atext%3dIon%3Asection%3D532c,"τὸν νοῦν ἀδυνατῶ τε καὶ ὁτιοῦν συμβαλέσθαι λόγου ἄξιον, ἀλλ᾽ ἀτεχνῶς νυστάζω, ἐπειδὰν δέ τις περὶ Ὁμήρου μνησθῇ, εὐθύς τε ἐγρήγορα καὶ προσέχω τὸν νοῦν καὶ εὐπορῶ ὅτι λέγω; οὐ χαλεπὸν τοῦτό γε εἰκάσαι, ὦ ἑταῖρε, ἀλλὰ παντὶ δῆλον ὅτι τέχνῃ καὶ ἐπιστήμῃ περὶ Ὁμήρου λέγειν ἀδύνατος εἶ: εἰ γὰρ τέχνῃ οἷός τε ἦσθα, καὶ περὶ τῶν ἄλλων ποιητῶν ἁπάντων λέγειν οἷός τ᾽ ἂν ἦσθα: ποιητικὴ γάρ πού ἐστιν τὸ ὅλον. ἢ οὔ; ναί.
","νόος ἀδυνατέω ὁτιοῦν συμβάλλω λόγος ἄξιος , ἀλλ᾽ ἀτεχνῶς νυστάζω , ἐπειδάν Ὅμηρος μνησίθω , εὐθύς ἐγρήγορα προσέχω νόος εὐπορέω λέγω ; χαλεπός εἰκάζω , ἑταῖρος , πᾶς δῆλος τέχνη ἐπιστήμη Ὅμηρος λέγω ἀδύνατος : τέχνη οἷος , ποιητής ἅπας λέγω οἷος τ᾽ : ποιητικός πού ὅλος . ; ναί . 
"
12,.532d,https://www.perseus.tufts.edu/hopper/xmlchunk?doc=Perseus%3atext%3a1999.01.0179%3atext%3dIon%3Asection%3D532d," οὐκοῦν ἐπειδὰν λάβῃ τις καὶ ἄλλην τέχνην ἡντινοῦν ὅλην, ὁ αὐτὸς τρόπος τῆς σκέψεως ἔσται περὶ ἁπασῶν τῶν τεχνῶν; πῶς τοῦτο λέγω, δέῃ τί μου ἀκοῦσαι, ὦ Ἴων; ναὶ μὰ τὸν Δία, ὦ Σώκρατες, ἔγωγε: χαίρω γὰρ ἀκούων ὑμῶν τῶν σοφῶν. βουλοίμην ἄν σε ἀληθῆ λέγειν, ὦ Ἴων: ἀλλὰ σοφοὶ μέν πού ἐστε ὑμεῖς οἱ ῥαψῳδοὶ καὶ ὑποκριταὶ καὶ ὧν ὑμεῖς ᾁδετε τὰ ποιήματα, ἐγὼ δὲ οὐδὲν ἄλλο ἢ τἀληθῆ λέγω,
","  οὐκοῦν ἐπειδάν λαμβάνω τέχνη ἡντινοῦν ὅλος , τρόπος σκέψεως ἅπας τέχνη ; πῶς λέγω , δεῖ ἀκούω , ἴον ; ναί μά ζεύς , Σώκρατες , : χαίρω ἀκούω σοφός . βούλομαι ἀληθής λέγω , ἴον : σοφός πού ῥαψῳδός ὑποκριτής ᾁδω ποίημα , τἀληθής λέγω , 
"
13,.532e,https://www.perseus.tufts.edu/hopper/xmlchunk?doc=Perseus%3atext%3a1999.01.0179%3atext%3dIon%3Asection%3D532e,"οἷον εἰκὸς ἰδιώτην ἄνθρωπον. ἐπεὶ καὶ περὶ τούτου οὗ νῦν ἠρόμην σε, θέασαι ὡς φαῦλον καὶ ἰδιωτικόν ἐστι καὶ παντὸς ἀνδρὸς γνῶναι ὃ ἔλεγον, τὴν αὐτὴν εἶναι σκέψιν, ἐπειδάν τις ὅλην τέχνην λάβῃ. λάβωμεν γὰρ τῷ λόγῳ: γραφικὴ γάρ τίς ἐστι τέχνη τὸ ὅλον; ναί. οὐκοῦν καὶ γραφῆς πολλοὶ καὶ εἰσὶ καὶ γεγόνασιν ἀγαθοὶ καὶ φαῦλοι; πάνυ γε. ἤδη οὖν τινα εἶδες ὅστις περὶ μὲν Πολυγνώτου τοῦ Ἀγλαοφῶντος δεινός ἐστιν ἀποφαίνειν ἃ εὖ τε γράφει καὶ ἃ μή, περὶ δὲ τῶν ἄλλων γραφέων
","οἷος ἔοικα ἰδιώτης ἄνθρωπος . ἐπεί νῦν ἠρόμην , θέαζω φαῦλος ἰδιωτικός πᾶς ἀνήρ γιγνώσκω λέγω , σκέψις , ἐπειδάν ὅλος τέχνη λαμβάνω . λαμβάνω λόγος : γραφικός τέχνη ὅλος ; ναί . οὐκοῦν γραφή πολύς γίγνομαι ἀγαθός φαῦλος ; πάνυ . ἤδη εἶδον Πολυγνώτης Ἀγλαοφῶντος δεινός ἀποφαίνω εὖ γράφω , γραφή 
"
14,.533a,https://www.perseus.tufts.edu/hopper/xmlchunk?doc=Perseus%3atext%3a1999.01.0179%3atext%3dIon%3Asection%3D533a,"ἀδύνατος; καὶ ἐπειδὰν μέν τις τὰ τῶν ἄλλων ζωγράφων ἔργα ἐπιδεικνύῃ, νυστάζει τε καὶ ἀπορεῖ καὶ οὐκ ἔχει ὅτι συμβάληται, ἐπειδὰν δὲ περὶ Πολυγνώτου ἢ ἄλλου ὅτου βούλει τῶν γραφέων ἑνὸς μόνου δέῃ ἀποφήνασθαι γνώμην, ἐγρήγορέν τε καὶ προσέχει τὸν νοῦν καὶ εὐπορεῖ ὅτι εἴπῃ; οὐ μὰ τὸν Δία, οὐ δῆτα. τί δέ; ἐν ἀνδριαντοποιίᾳ ἤδη τιν᾽ εἶδες ὅστις περὶ μὲν Δαιδάλου τοῦ Μητίονος
","ἀδύνατος ; ἐπειδάν ζωγράφος ἔργον ἐπιδεικνύω , νυστάζω ἀπορέω ἔχω συμβάλλυμι , ἐπειδάν Πολυγνώτου βούλομαι γραφή εἷς μόνος δεῖ ἀποφήνω γνώμη , ἐγρήγορέν προσέχω νόος εὐπορέω εἶπον ; μά ζεύς , δῆτα . ; ἀνδριαντοποιία ἤδη τιν᾽ εἶδον δαίδαλος Μητίων 
"
15,.533b,https://www.perseus.tufts.edu/hopper/xmlchunk?doc=Perseus%3atext%3a1999.01.0179%3atext%3dIon%3Asection%3D533b,"ἢ Ἐπειοῦ τοῦ Πανοπέως ἢ Θεοδώρου τοῦ Σαμίου ἢ ἄλλου τινὸς ἀνδριαντοποιοῦ ἑνὸς πέρι δεινός ἐστιν ἐξηγεῖσθαι ἃ εὖ πεποίηκεν, ἐν δὲ τοῖς τῶν ἄλλων ἀνδριαντοποιῶν ἔργοις ἀπορεῖ τε καὶ νυστάζει, οὐκ ἔχων ὅτι εἴπῃ; οὐ μὰ τὸν Δία, οὐδὲ τοῦτον ἑώρακα. ἀλλὰ μήν, ὥς γ᾽ ἐγὼ οἶμαι, οὐδ᾽ ἐν αὐλήσει γε οὐδὲ ἐν κιθαρίσει οὐδὲ ἐν κιθαρῳδίᾳ οὐδὲ ἐν ῥαψῳδίᾳ οὐδεπώποτ᾽ εἶδες ἄνδρα ὅστις περὶ μὲν Ὀλύμπου δεινός ἐστιν ἐξηγεῖσθαι ἢ περὶ Θαμύρου ἢ περὶ
","Ἐπειός Πανοπεύς θεόδωρος σάμος ἀνδριαντοποιής εἵς δεινός ἐξηγέομαι εὖ ποιέω , ἀνδριαντοποιῶν ἔργον ἀπορέω νυστάζω , ἔχω εἶπον ; μά ζεύς , ὁράω . μήν , γ᾽ οἱόμαι , οὐδέ αὐίησλς κιθαρίσος κιθαρῳδία ῥαψῳδία οὐδεπώποτ᾽ εἶδον ἀνήρ ὄλυμπος δεινός ἐξηγέομαι Θαμύρος 
"
16,.533c,https://www.perseus.tufts.edu/hopper/xmlchunk?doc=Perseus%3atext%3a1999.01.0179%3atext%3dIon%3Asection%3D533c,"Ὀρφέως ἢ περὶ Φημίου τοῦ Ἰθακησίου ῥαψῳδοῦ, περὶ δὲ Ἴωνος τοῦ Ἐφεσίου ῥαψῳδοῦ ἀπορεῖ καὶ οὐκ ἔχει συμβαλέσθαι ἅ τε εὖ ῥαψῳδεῖ καὶ ἃ μή. οὐκ ἔχω σοι περὶ τούτου ἀντιλέγειν, ὦ Σώκρατες: ἀλλ᾽ ἐκεῖνο ἐμαυτῷ σύνοιδα, ὅτι περὶ Ὁμήρου κάλλιστ᾽ ἀνθρώπων λέγω καὶ εὐπορῶ καὶ οἱ ἄλλοι πάντες μέ φασιν εὖ λέγειν, περὶ δὲ τῶν ἄλλων οὔ. καίτοι ὅρα τοῦτο τί ἔστιν. καὶ ὁρῶ, ὦ Ἴων, καὶ ἔρχομαί γέ σοι ἀποφανούμενος
","Ὀρφεύς Φημίας Ἰθακήσιος ῥαψῳδοῦ , ἴων Ἐφέσιος ῥαψῳδοῦ ἀπορέω ἔχω συμβάλλω εὖ ῥαψῳδέω . ἔχω ἀντιλέγω , Σώκρατες : ἀλλ᾽ ἐκεῖνος ἐμαυτοῦ σύνοιδα , Ὅμηρος κάλλιστ᾽ ἄνθρωπος λέγω εὐπορέω πᾶς φημί εὖ λέγω , . καίτοι ὁράω . ὁράω , ἴον , ἔρχομαι ἀποφανόω 
"
17,.533d,https://www.perseus.tufts.edu/hopper/xmlchunk?doc=Perseus%3atext%3a1999.01.0179%3atext%3dIon%3Asection%3D533d,"ὅ μοι δοκεῖ τοῦτο εἶναι. ἔστι γὰρ τοῦτο τέχνη μὲν οὐκ ὂν παρὰ σοὶ περὶ Ὁμήρου εὖ λέγειν, ὃ νυνδὴ ἔλεγον, θεία δὲ δύναμις ἥ σε κινεῖ, ὥσπερ ἐν τῇ λίθῳ ἣν Εὐριπίδης μὲν Μαγνῆτιν ὠνόμασεν, οἱ δὲ πολλοὶ Ἡρακλείαν. καὶ γὰρ αὕτη ἡ λίθος οὐ μόνον αὐτοὺς τοὺς δακτυλίους ἄγει τοὺς σιδηροῦς, ἀλλὰ καὶ δύναμιν ἐντίθησι τοῖς δακτυλίοις ὥστ᾽ αὖ δύνασθαι ταὐτὸν τοῦτο ποιεῖν ὅπερ ἡ λίθος, ἄλλους
","δοκέω . τέχνη Ὅμηρος εὖ λέγω , νυνδὴ λέγω , θεῖος δύναμις κινέω , ὥσπερ λίθος Εὐριπίδης Μαγνῆτις ὀνομάζω , πολύς Ἡρακλεία . λίθος μόνος δακτυλίος ἄγω σιδήρεος , δύναμις ἐντίθημι δακτυλίος ὥστ᾽ αὖ δύναμαι ποιέω ὅσπερ λίθος , 
"
18,.533e,https://www.perseus.tufts.edu/hopper/xmlchunk?doc=Perseus%3atext%3a1999.01.0179%3atext%3dIon%3Asection%3D533e,"ἄγειν δακτυλίους, ὥστ᾽ ἐνίοτε ὁρμαθὸς μακρὸς πάνυ σιδηρίων καὶ δακτυλίων ἐξ ἀλλήλων ἤρτηται: πᾶσι δὲ τούτοις ἐξ ἐκείνης τῆς λίθου ἡ δύναμις ἀνήρτηται. οὕτω δὲ καὶ ἡ Μοῦσα ἐνθέους μὲν ποιεῖ αὐτή, διὰ δὲ τῶν ἐνθέων τούτων ἄλλων ἐνθουσιαζόντων ὁρμαθὸς ἐξαρτᾶται. πάντες γὰρ οἵ τε τῶν ἐπῶν ποιηταὶ οἱ ἀγαθοὶ οὐκ ἐκ τέχνης ἀλλ᾽ ἔνθεοι ὄντες καὶ κατεχόμενοι πάντα ταῦτα τὰ καλὰ λέγουσι ποιήματα, καὶ οἱ μελοποιοὶ οἱ ἀγαθοὶ ὡσαύτως, ὥσπερ οἱ κορυβαντιῶντες
","ἄγω δακτυλίος , ὥστ᾽ ἐνίοτε ὁρμαθὸς μακρός πάνυ σιδηρίων δακτυλίων ἀλλήλων ἀρτάω : πᾶς ἐκεῖνος λίθος δύναμις ἀνήρτηται . μοῦσα ἔνθεος ποιέω , ἔνθος ἐνθουσιάζω ὁρμαθὸς ἐξαρτᾶται . πᾶς ἔπος ποιητής ἀγαθός τέχνη ἀλλ᾽ ἔνθεος κατέχω πᾶς καλός λέγω ποίημα , μελοποιός ἀγαθός ὡσαύτως , ὥσπερ κορυβαντιῶντες 
"
19,.534a,https://www.perseus.tufts.edu/hopper/xmlchunk?doc=Perseus%3atext%3a1999.01.0179%3atext%3dIon%3Asection%3D534a,"οὐκ ἔμφρονες ὄντες ὀρχοῦνται, οὕτω καὶ οἱ μελοποιοὶ οὐκ ἔμφρονες ὄντες τὰ καλὰ μέλη ταῦτα ποιοῦσιν, ἀλλ᾽ ἐπειδὰν ἐμβῶσιν εἰς τὴν ἁρμονίαν καὶ εἰς τὸν ῥυθμόν, βακχεύουσι καὶ κατεχόμενοι, ὥσπερ αἱ βάκχαι ἀρύονται ἐκ τῶν ποταμῶν μέλι καὶ γάλα κατεχόμεναι, ἔμφρονες δὲ οὖσαι οὔ, καὶ τῶν μελοποιῶν ἡ ψυχὴ τοῦτο ἐργάζεται, ὅπερ αὐτοὶ λέγουσι. λέγουσι γὰρ δήπουθεν πρὸς ἡμᾶς οἱ ποιηταὶ ὅτι
","ἔμφρων ὀρχέω , μελοποιός ἔμφρων καλός μέλος ποιέω , ἀλλ᾽ ἐπειδάν ἐμβῶ ἁρμονία ῥυθμός , βακχεύω κατέχω , ὥσπερ βάκχας ἀρύω ποταμός μέλι γάλα κατεχόμεναι , ἔμφρων , μελοποιός ψυχή ἐργάζομαι , ὅσπερ λέγω . λέγω δήπουθεν ποιητής 
"
20,.534b,https://www.perseus.tufts.edu/hopper/xmlchunk?doc=Perseus%3atext%3a1999.01.0179%3atext%3dIon%3Asection%3D534b,"ἀπὸ κρηνῶν μελιρρύτων ἐκ Μουσῶν κήπων τινῶν καὶ ναπῶν δρεπόμενοι τὰ μέλη ἡμῖν φέρουσιν ὥσπερ αἱ μέλιτται, καὶ αὐτοὶ οὕτω πετόμενοι: καὶ ἀληθῆ λέγουσι. κοῦφον γὰρ χρῆμα ποιητής ἐστιν καὶ πτηνὸν καὶ ἱερόν, καὶ οὐ πρότερον οἷός τε ποιεῖν πρὶν ἂν ἔνθεός τε γένηται καὶ ἔκφρων καὶ ὁ νοῦς μηκέτι ἐν αὐτῷ ἐνῇ: ἕως δ᾽ ἂν τουτὶ ἔχῃ τὸ κτῆμα, ἀδύνατος πᾶς ποιεῖν ἄνθρωπός ἐστιν καὶ χρησμῳδεῖν. ἅτε οὖν οὐ τέχνῃ ποιοῦντες καὶ πολλὰ λέγοντες καὶ καλὰ περὶ
","κρηνοί μελιρρύτων μουσή κήπ ναπός δρέπω μέλος φέρω ὥσπερ μέλιτται , πέτω : ἀληθής λέγω . κοῦφος χρῆμα ποιητής πτηνός ἱερόν , πρότερος οἷος ποιέω πρίν ἔνθεος γίγνομαι ἔκφρων νόος μηκέτι ἐνῇμι : ἕως δέ τουτὶ ἔχω κτῆμα , ἀδύνατος πᾶς ποιέω ἄνθρωπος χρησμῳδέω . ἅτε τέχνη ποιέω πολύς λέγω καλός 
"
21,.534c,https://www.perseus.tufts.edu/hopper/xmlchunk?doc=Perseus%3atext%3a1999.01.0179%3atext%3dIon%3Asection%3D534c,"τῶν πραγμάτων, ὥσπερ σὺ περὶ Ὁμήρου, ἀλλὰ θείᾳ μοίρᾳ, τοῦτο μόνον οἷός τε ἕκαστος ποιεῖν καλῶς ἐφ᾽ ὃ ἡ Μοῦσα αὐτὸν ὥρμησεν, ὁ μὲν διθυράμβους, ὁ δὲ ἐγκώμια, ὁ δὲ ὑπορχήματα, ὁ δ᾽ ἔπη, ὁ δ᾽ ἰάμβους: τὰ δ᾽ ἄλλα φαῦλος αὐτῶν ἕκαστός ἐστιν. οὐ γὰρ τέχνῃ ταῦτα λέγουσιν ἀλλὰ θείᾳ δυνάμει, ἐπεί, εἰ περὶ ἑνὸς τέχνῃ καλῶς ἠπίσταντο λέγειν, κἂν περὶ τῶν ἄλλων ἁπάντων: διὰ ταῦτα δὲ ὁ θεὸς ἐξαιρούμενος τούτων τὸν νοῦν τούτοις χρῆται ὑπηρέταις καὶ
","πρᾶγμα , ὥσπερ Ὅμηρος , θεῖος μοίρᾳ , μόνος οἷος ἕκαστος ποιέω καλός ἐφ᾽ μοῦσα ὁρμάω , διθυράμβος , ἐγκώμιον , ὑπορχήματα , δέ ἔπος , δέ ἰάμβος : δέ φαῦλος ἕκαστός . τέχνη λέγω θεῖος δύναμις , ἐπεί , εἷς τέχνη καλός ἠπίστημι λέγω , ἅπας : θεός ἐξαιρέομαι νόος χράω ὑπηρέτης 
"
22,.534d,https://www.perseus.tufts.edu/hopper/xmlchunk?doc=Perseus%3atext%3a1999.01.0179%3atext%3dIon%3Asection%3D534d,"τοῖς χρησμῳδοῖς καὶ τοῖς μάντεσι τοῖς θείοις, ἵνα ἡμεῖς οἱ ἀκούοντες εἰδῶμεν ὅτι οὐχ οὗτοί εἰσιν οἱ ταῦτα λέγοντες οὕτω πολλοῦ ἄξια, οἷς νοῦς μὴ πάρεστιν, ἀλλ᾽ ὁ θεὸς αὐτός ἐστιν ὁ λέγων, διὰ τούτων δὲ φθέγγεται πρὸς ἡμᾶς. μέγιστον δὲ τεκμήριον τῷ λόγῳ Τύννιχος ὁ Χαλκιδεύς, ὃς ἄλλο μὲν οὐδὲν πώποτε ἐποίησε ποίημα ὅτου τις ἂν ἀξιώσειεν μνησθῆναι, τὸν δὲ παίωνα ὃν πάντες ᾁδουσι, σχεδόν τι πάντων μελῶν κάλλιστον, ἀτεχνῶς, ὅπερ αὐτὸς λέγει,
","χρησμῳδός μάντος θείος , ἵνα ἀκούω οἶδα λέγω πολύς ἄξιος , νόος πάρειμι , ἀλλ᾽ θεός λέγω , φθέγγομαι . μέγας τεκμήριον λόγος Τύννιχος Χαλκιδεύς , πώποτε ποιέω ποίημα ἀξιώσω μιμνῄσκω , παίων πᾶς ᾁδω , σχεδόν πᾶς μέλος καλός , ἀτεχνῶς , ὅσπερ λέγω , 
"
23,.534e,https://www.perseus.tufts.edu/hopper/xmlchunk?doc=Perseus%3atext%3a1999.01.0179%3atext%3dIon%3Asection%3D534e,"εὕρημά τι Μοισᾶν. ἐν τούτῳ γὰρ δὴ μάλιστά μοι δοκεῖ ὁ θεὸς ἐνδείξασθαι ἡμῖν, ἵνα μὴ διστάζωμεν, ὅτι οὐκ ἀνθρώπινά ἐστιν τὰ καλὰ ταῦτα ποιήματα οὐδὲ ἀνθρώπων, ἀλλὰ θεῖα καὶ θεῶν, οἱ δὲ ποιηταὶ οὐδὲν ἀλλ᾽ ἢ ἑρμηνῆς εἰσιν τῶν θεῶν, κατεχόμενοι ἐξ ὅτου ἂν ἕκαστος κατέχηται. ταῦτα ἐνδεικνύμενος ὁ θεὸς ἐξεπίτηδες διὰ τοῦ φαυλοτάτου
","εὕρημα Μοισᾶ . μάλιστα δοκέω θεός ἐνδείκνυμι , ἵνα διστάζω , ἀνθρώπινος καλός ποίημα ἄνθρωπος , θεῖος θεός , ποιητής ἀλλ᾽ ἑρμηνῆ θεός , κατέχω ἕκαστος κατέχομαι . ἐνδείκνυμς θεός ἐξεπίτηδες φαυλοτάτου 
"
24,.535a,https://www.perseus.tufts.edu/hopper/xmlchunk?doc=Perseus%3atext%3a1999.01.0179%3atext%3dIon%3Asection%3D535a,"ποιητοῦ τὸ κάλλιστον μέλος ᾖσεν: ἢ οὐ δοκῶ σοι ἀληθῆ λέγειν, ὦ Ἴων; ναὶ μὰ τὸν Δία, ἔμοιγε: ἅπτει γάρ πώς μου τοῖς λόγοις τῆς ψυχῆς, ὦ Σώκρατες, καί μοι δοκοῦσι θείᾳ μοίρᾳ ἡμῖν παρὰ τῶν θεῶν ταῦτα οἱ ἀγαθοὶ ποιηταὶ ἑρμηνεύειν. οὐκοῦν ὑμεῖς αὖ οἱ ῥαψῳδοὶ τὰ τῶν ποιητῶν ἑρμηνεύετε; καὶ τοῦτο ἀληθὲς λέγεις. οὐκοῦν ἑρμηνέων ἑρμηνῆς γίγνεσθε; παντάπασί γε.
","ποιητής καλός μέλος ᾖσεν : δοκέω ἀληθής λέγω , ἴον ; ναί μά ζεύς , : ἅπτω πῶς λόγος ψυχή , Σώκρατες , δοκέω θεῖος μοίρᾳ θεός ἀγαθός ποιητής ἑρμηνεύω . οὐκοῦν αὖ ῥαψῳδός ποιητής ἑρμηνεύω ; ἀληθής λέγω . οὐκοῦν ἑρμηνεύς ἑρμηνῆ γίγνομαι ; παντάπασί . 
"
25,.535b,https://www.perseus.tufts.edu/hopper/xmlchunk?doc=Perseus%3atext%3a1999.01.0179%3atext%3dIon%3Asection%3D535b," ἔχε δή μοι τόδε εἰπέ, ὦ Ἴων, καὶ μὴ ἀποκρύψῃ ὅτι ἄν σε ἔρωμαι: ὅταν εὖ εἴπῃς ἔπη καὶ ἐκπλήξῃς μάλιστα τοὺς θεωμένους, ἢ τὸν Ὀδυσσέα ὅταν ἐπὶ τὸν οὐδὸν ἐφαλλόμενον ᾁδῃς, ἐκφανῆ γιγνόμενον τοῖς μνηστῆρσι καὶ ἐκχέοντα τοὺς ὀιστοὺς πρὸ τῶν ποδῶν, ἢ Ἀχιλλέα ἐπὶ τὸν Ἕκτορα ὁρμῶντα, ἢ καὶ τῶν περὶ Ἀνδρομάχην ἐλεινῶν τι ἢ περὶ Ἑκάβην ἢ περὶ Πρίαμον, τότε πότερον ἔμφρων εἶ ἢ ἔξω
","  ἔχω εἶπον , ἴον , ἀποκρύπτω ἔρομαι : ὅταν εὖ εἶπον ἔπος ἐκπλήσσω μάλιστα θεάομαι , Ὀδυσσεύς ὅταν οὐδός ἐφαλλόμενον ᾁδῃς , ἐκφανής γίγνομαι μνηστῆρν ἐκχέω ὀιστός πρό πούς , Ἀχιλλέ ἕκτωρ ὁρμάω , ἀνδρομάχη ἐλεινέω Ἑκάβη πρίαμος , τότε πότερος ἔμφρων ἔξω 
"
26,.535c,https://www.perseus.tufts.edu/hopper/xmlchunk?doc=Perseus%3atext%3a1999.01.0179%3atext%3dIon%3Asection%3D535c,"σαυτοῦ γίγνῃ καὶ παρὰ τοῖς πράγμασιν οἴεταί σου εἶναι ἡ ψυχὴ οἷς λέγεις ἐνθουσιάζουσα, ἢ ἐν Ἰθάκῃ οὖσιν ἢ ἐν Τροίᾳ ἢ ὅπως ἂν καὶ τὰ ἔπη ἔχῃ; ὡς ἐναργές μοι τοῦτο, ὦ Σώκρατες, τὸ τεκμήριον εἶπες: οὐ γάρ σε ἀποκρυψάμενος ἐρῶ. ἐγὼ γὰρ ὅταν ἐλεινόν τι λέγω, δακρύων ἐμπίμπλανταί μου οἱ ὀφθαλμοί: ὅταν τε φοβερὸν ἢ δεινόν, ὀρθαὶ αἱ τρίχες ἵστανται ὑπὸ φόβου καὶ ἡ καρδία πηδᾷ.
","σεαυτοῦ γίγνομαι πρᾶγμα οἴομαί ψυχή λέγω ἐνθουσιάζω , Ἰθάκη τροία ὅπως ἔπος ἔχω ; ἐναργής , Σώκρατες , τεκμήριον εἶπον : ἀποκρύπτω λέγω . ὅταν ἐλεεινός λέγω , δάκρυον ἐμπίμπλαμί ὀφθαλμός : ὅταν φοβερός δεινός , ὀρθός θρίξ ἵστημι φόβος καρδία πηδάω . 
"
27,.535d,https://www.perseus.tufts.edu/hopper/xmlchunk?doc=Perseus%3atext%3a1999.01.0179%3atext%3dIon%3Asection%3D535d," τί οὖν; φῶμεν, ὦ Ἴων, ἔμφρονα εἶναι τότε τοῦτον τὸν ἄνθρωπον, ὃς ἂν κεκοσμημένος ἐσθῆτι ποικίλῃ καὶ χρυσοῖσι στεφάνοις κλάῃ τ᾽ ἐν θυσίαις καὶ ἑορταῖς, μηδὲν ἀπολωλεκὼς τούτων, ἢ φοβῆται πλέον ἢ ἐν δισμυρίοις ἀνθρώποις ἑστηκὼς φιλίοις, μηδενὸς ἀποδύοντος μηδὲ ἀδικοῦντος; οὐ μὰ τὸν Δία, οὐ πάνυ, ὦ Σώκρατες, ὥς γε τἀληθὲς εἰρῆσθαι. οἶσθα οὖν ὅτι καὶ τῶν θεατῶν τοὺς πολλοὺς ταὐτὰ ταῦτα ὑμεῖς ἐργάζεσθε;
","  ; φῶ , ἴον , ἔμφρων τότε ἄνθρωπος , κεκοσμημένος ἐσθής ποικίλος χρυσός στεφάνος κλάω τ᾽ θυσία ἑορτή , μηδείς ἀπόλλυμι , φοβέω πλέος δισμυρίοις ἄνθρωπος ἵστημι φιλίος , μηδείς ἀποδύω μηδέ ἀδικέω ; μά ζεύς , πάνυ , Σώκρατες , ἀληθής ἐρῶ . οἶδα θεατής πολύς ἐργάζομαι ; 
"
28,.535e,https://www.perseus.tufts.edu/hopper/xmlchunk?doc=Perseus%3atext%3a1999.01.0179%3atext%3dIon%3Asection%3D535e," καὶ μάλα καλῶς οἶδα: καθορῶ γὰρ ἑκάστοτε αὐτοὺς ἄνωθεν ἀπὸ τοῦ βήματος κλάοντάς τε καὶ δεινὸν ἐμβλέποντας καὶ συνθαμβοῦντας τοῖς λεγομένοις. δεῖ γάρ με καὶ σφόδρ᾽ αὐτοῖς τὸν νοῦν προσέχειν: ὡς ἐὰν μὲν κλάοντας αὐτοὺς καθίσω, αὐτὸς γελάσομαι ἀργύριον λαμβάνων, ἐὰν δὲ γελῶντας, αὐτὸς κλαύσομαι ἀργύριον ἀπολλύς. οἶσθα οὖν ὅτι οὗτός ἐστιν ὁ θεατὴς τῶν δακτυλίων ὁ ἔσχατος, ὧν ἐγὼ ἔλεγον ὑπὸ τῆς Ἡρακλειώτιδος λίθου ἀπ᾽ ἀλλήλων τὴν δύναμιν λαμβάνειν; ὁ δὲ μέσος σὺ ὁ
","  μάλα καλός οἶδα : καθορῶ ἑκάστοτε ἄνωθεν βῆμα κλάοντάς δεινός ἐμβλέπω συνθαμβέω λέγω . δεῖ σφόδρ᾽ νόος προσέχω : κλάω καθίζω , γελάω ἀργύριον λαμβάνω , γελάω , κλαύω ἀργύριον ἀπολλύς . οἶδα θεατὴς δακτόνιυλ ἔσχατος , λέγω Ἡρακλειῶτις λίθος ἀπ᾽ ἀλλήλων δύναμις λαμβάνω ; μέσος 
"
29,.536a,https://www.perseus.tufts.edu/hopper/xmlchunk?doc=Perseus%3atext%3a1999.01.0179%3atext%3dIon%3Asection%3D536a,"ῥαψῳδὸς καὶ ὑποκριτής, ὁ δὲ πρῶτος αὐτὸς ὁ ποιητής: ὁ δὲ θεὸς διὰ πάντων τούτων ἕλκει τὴν ψυχὴν ὅποι ἂν βούληται τῶν ἀνθρώπων, ἀνακρεμαννὺς ἐξ ἀλλήλων τὴν δύναμιν. καὶ ὥσπερ ἐκ τῆς λίθου ἐκείνης ὁρμαθὸς πάμπολυς ἐξήρτηται χορευτῶν τε καὶ διδασκάλων καὶ ὑποδιδασκάλων, ἐκ πλαγίου ἐξηρτημένων τῶν τῆς Μούσης ἐκκρεμαμένων δακτυλίων. καὶ ὁ μὲν τῶν ποιητῶν ἐξ ἄλλης Μούσης, ὁ δὲ ἐξ ἄλλης ἐξήρτηται—ὀνομάζομεν δὲ αὐτὸ κατέχεται, τὸ δέ
","ῥαψῳδὸς ὑποκριτής , πρῶτος ποιητής : θεός πᾶς ἕλκω ψυχή ὅποι βούλομαι ἄνθρωπος , ἀνακρεμαννὺς ἀλλήλων δύναμις . ὥσπερ λίθος ἐκεῖνος ὁρμαθὸς πάμπολυς ἐξήρτηται χορευτής διδάσκαλος ὑποδιδασκάλος , πλαγίος ἐξηρτημένων Μούσης ἐκκρεμαμένων δακτυλίων . ποιητής Μούσης , ἐξήρτηται — ὀνομάζω κατέχω , 
"
30,.536b,https://www.perseus.tufts.edu/hopper/xmlchunk?doc=Perseus%3atext%3a1999.01.0179%3atext%3dIon%3Asection%3D536b,"ἐστι παραπλήσιον: ἔχεται γάρ—ἐκ δὲ τούτων τῶν πρώτων δακτυλίων, τῶν ποιητῶν, ἄλλοι ἐξ ἄλλου αὖ ἠρτημένοι εἰσὶ καὶ ἐνθουσιάζουσιν, οἱ μὲν ἐξ Ὀρφέως, οἱ δὲ ἐκ Μουσαίου: οἱ δὲ πολλοὶ ἐξ Ὁμήρου κατέχονταί τε καὶ ἔχονται. ὧν σύ, ὦ Ἴων, εἷς εἶ καὶ κατέχῃ ἐξ Ὁμήρου, καὶ ἐπειδὰν μέν τις ἄλλου του ποιητοῦ ᾁδῃ, καθεύδεις τε καὶ ἀπορεῖς ὅτι λέγῃς, ἐπειδὰν δὲ τούτου τοῦ ποιητοῦ φθέγξηταί τις μέλος, εὐθὺς ἐγρήγορας καὶ ὀρχεῖταί σου ἡ ψυχὴ καὶ εὐπορεῖς ὅτι
","παραπλήσιος : ἔχω — πρῶτος δακτυλίων , ποιητής , αὖ ἠρτημένοι ἐνθουσιάζω , Ὀρφεύς , μουσαίος : πολύς Ὅμηρος κατέχω ἔχω . , ἴον , εἰς κατέχω Ὅμηρος , ἐπειδάν ποιητής ᾁδομαι , καθεύδω ἀπορέω λέγω , ἐπειδάν ποιητής φθέγχομαί μέλος , εὐθύς ἐγρήγορας ὀρχεῖταί ψυχή εὐπορέω 
"
31,.536c,https://www.perseus.tufts.edu/hopper/xmlchunk?doc=Perseus%3atext%3a1999.01.0179%3atext%3dIon%3Asection%3D536c,"λέγῃς: οὐ γὰρ τέχνῃ οὐδ᾽ ἐπιστήμῃ περὶ Ὁμήρου λέγεις ἃ λέγεις, ἀλλὰ θείᾳ μοίρᾳ καὶ κατοκωχῇ, ὥσπερ οἱ κορυβαντιῶντες ἐκείνου μόνου αἰσθάνονται τοῦ μέλους ὀξέως ὃ ἂν ᾖ τοῦ θεοῦ ἐξ ὅτου ἂν κατέχωνται, καὶ εἰς ἐκεῖνο τὸ μέλος καὶ σχημάτων καὶ ῥημάτων εὐποροῦσι, τῶν δὲ ἄλλων οὐ φροντίζουσιν: οὕτω καὶ σύ, ὦ Ἴων, περὶ μὲν Ὁμήρου ὅταν τις μνησθῇ, εὐπορεῖς, περὶ δὲ τῶν ἄλλων ἀπορεῖς:
","λέγω : τέχνη οὐδέ ἐπιστήμη Ὅμηρος λέγω λέγω , θεῖος μοίρᾳ κατοκωχῇ , ὥσπερ κορυβαντιάω ἐκεῖνος μόνος αἰσθάνομαι μέλους ὀξέως θεός κατέχομαι , ἐκεῖνος μέλος σχημάτον ῥῆμα εὐπορέω , φροντίζω : , ἴον , Ὅμηρος ὅταν μνησθῇ , εὐπορέω , ἀπορέω : 
"
32,.536d,https://www.perseus.tufts.edu/hopper/xmlchunk?doc=Perseus%3atext%3a1999.01.0179%3atext%3dIon%3Asection%3D536d,"τούτου δ᾽ ἐστὶ τὸ αἴτιον, ὅ μ᾽ ἐρωτᾷς, δι᾽ ὅτι σὺ περὶ μὲν Ὁμήρου εὐπορεῖς, περὶ δὲ τῶν ἄλλων οὔ, ὅτι οὐ τέχνῃ ἀλλὰ θείᾳ μοίρᾳ Ὁμήρου δεινὸς εἶ ἐπαινέτης. σὺ μὲν εὖ λέγεις, ὦ Σώκρατες: θαυμάζοιμι μεντἂν εἰ οὕτως εὖ εἴποις, ὥστε με ἀναπεῖσαι ὡς ἐγὼ κατεχόμενος καὶ μαινόμενος Ὅμηρον ἐπαινῶ. οἶμαι δὲ οὐδ᾽ ἂν σοὶ δόξαιμι, εἴ μου ἀκούσαις λέγοντος περὶ Ὁμήρου. καὶ μὴν ἐθέλω γε ἀκοῦσαι, οὐ μέντοι πρότερον
","δέ αἴτιος , μ᾽ ἐρωτάω , δι᾽ Ὅμηρος εὐπορέω , , τέχνη θεῖος μοίρᾳ Ὅμηρος δεινός ἐπαινέτης . εὖ λέγω , Σώκρατες : θαυμάζω μέντοι εὖ εἶπον , ἀναπείθω κατέχω μαίνομαι Ὅμηρος ἐπαινέω . οἱόμαι οὐδέ δόξαιμι , ἀκούω λέγω Ὅμηρος . μήν ἐθέλω ἀκούω , μέντοι πρότερος 
"
33,.536e,https://www.perseus.tufts.edu/hopper/xmlchunk?doc=Perseus%3atext%3a1999.01.0179%3atext%3dIon%3Asection%3D536e,"πρὶν ἄν μοι ἀποκρίνῃ τόδε: ὧν Ὅμηρος λέγει περὶ τίνος εὖ λέγεις; οὐ γὰρ δήπου περὶ ἁπάντων γε. εὖ ἴσθι, ὦ Σώκρατες, περὶ οὐδενὸς ὅτου οὔ. οὐ δήπου καὶ περὶ τούτων ὧν σὺ μὲν τυγχάνεις οὐκ εἰδώς, Ὅμηρος δὲ λέγει. καὶ ταῦτα ποῖά ἐστιν ἃ Ὅμηρος μὲν λέγει, ἐγὼ δὲ οὐκ οἶδα;
    ","πρίν ἀποκρίνω : ὅμηρος λέγω εὖ λέγω ; δήπου ἅπας . εὖ οἶδα , Σώκρατες , . δήπου τυγχάνω οἶδα , ὅμηρος λέγω . ποῖος ὅμηρος λέγω , οἶδα ; 
    "
34,.537a,https://www.perseus.tufts.edu/hopper/xmlchunk?doc=Perseus%3atext%3a1999.01.0179%3atext%3dIon%3Asection%3D537a," οὐ καὶ περὶ τεχνῶν μέντοι λέγει πολλαχοῦ Ὅμηρος καὶ πολλά; οἷον καὶ περὶ ἡνιοχείας—ἐὰν μνησθῶ τὰ ἔπη, ἐγώ σοι φράσω. ἀλλ᾽ ἐγὼ ἐρῶ: ἐγὼ γὰρ μέμνημαι. εἰπὲ δή μοι ἃ λέγει Νέστωρ Ἀντιλόχῳ τῷ ὑεῖ, παραινῶν εὐλαβηθῆναι περὶ τὴν καμπὴν ἐν τῇ ἱπποδρομίᾳ τῇ ἐπὶ Πατρόκλῳ. κλινθῆναι δέ, φησί, καὶ αὐτὸς ἐυξέστῳ ἐνὶ δίφρῳηομ. ιλ. 23.335
","  τέχνη μέντοι λέγω πολλαχοῦ ὅμηρος πολύς ; οἷος ἡνιοχεία — μιμνῄσκομαι ἔπος , φράζω . ἀλλ᾽ λέγω : μιμνήσκω . εἶπον λέγω νέστωρ ἀντίλοχος ὑῖς , παραινέω εὐλαβέω καμπή ἱπποδρομία πάτροκλος . κλινθῆναι , φημί , ἐυξέστῳ δίφρῳηομ . ιλς . 23.335 
"
35,.537b,https://www.perseus.tufts.edu/hopper/xmlchunk?doc=Perseus%3atext%3a1999.01.0179%3atext%3dIon%3Asection%3D537b,"ἦκ᾽ ἐπ᾽ ἀριστερὰ τοῖιν: ἀτὰρ τὸν δεξιὸν ἵππονκένσαι ὁμοκλήσας, εἶξαί τέ οἱ ἡνία χερσίν.ἐν νύσσῃ δέ τοι ἵππος ἀριστερὸς ἐγχριμφθήτω,ὡς ἄν τοι πλήμνη γε δοάσσεται ἄκρον ἱκέσθαικύκλου ποιητοῖο: λίθου δ᾽ ἀλέασθαι ἐπαυρεῖν.
 ἀρκεῖ. ταῦτα δή, ὦ Ἴων, τὰ ἔπη εἴτε ὀρθῶς λέγει Ὅμηρος εἴτε μή, πότερος ἂν γνοίη ἄμεινον, ἰατρὸς ἢ ἡνίοχος; Ἡνίοχος δήπου. πότερον ὅτι τέχνην ταύτην ἔχει ἢ κατ᾽ ἄλλο τι; οὔκ, ἀλλ᾽ ὅτι τέχνην. οὐκοῦν ἑκάστῃ τῶν τεχνῶν ἀποδέδοταί τι ὑπὸ τοῦ θεοῦ ἔργον οἵᾳ τε εἶναι γιγνώσκειν; οὐ γάρ που ἃ κυβερνητικῇ γιγνώσκομεν, γνωσόμεθα καὶ ἰατρικῇ. οὐ δῆτα. οὐδέ γε ἃ ἰατρικῇ, ταῦτα καὶ τεκτονικῇ. 
","ἦκ᾽ ἐπ᾽ ἀριστερός : ἀτάρ δεξιός ἵππονκένσαι ὁμοκλέω , εἴκω ἡνία χερσίν.ἐν νύσσα ἵππος ἀριστερός ἐγχριμφθήτω,ὡς πλήμνη δοάσσατο ἄκρον ἱκέσθαικύκλου ποιητός : λίθος δέ ἀλέομαι ἐπαυρέω . 
  ἀρκέω . , ἴον , ἔπος εἴτε ὀρθός λέγω ὅμηρος εἴτε , πότερος γιγνώσκω ἀγαθός , ἰατρός ἡνίοχος ; ἡνίοχος δήπου . πότερος τέχνη ἔχω κατ᾽ ; οὔ , ἀλλ᾽ τέχνη . οὐκοῦν ἕκαστος τέχνη ἀποδίδωμί θεός ἔργον οἷος γιγνώσκω ; πού κυβερνητικῇ γιγνώσκω , γνωσόμεθα ἰατρικῇ . δῆτα . ἰατρικῇ , τεκτονικῇ . 
"
36,.537d,https://www.perseus.tufts.edu/hopper/xmlchunk?doc=Perseus%3atext%3a1999.01.0179%3atext%3dIon%3Asection%3D537d,"οὐ δῆτα. οὐκοῦν οὕτω καὶ κατὰ πασῶν τῶν τεχνῶν, ἃ τῇ ἑτέρᾳ τέχνῃ γιγνώσκομεν, οὐ γνωσόμεθα τῇ ἑτέρᾳ; τόδε δέ μοι πρότερον τούτου ἀπόκριναι: τὴν μὲν ἑτέραν φῂς εἶναί τινα τέχνην, τὴν δ᾽ ἑτέραν; ναί. ἆρα ὥσπερ ἐγὼ τεκμαιρόμενος, ὅταν ἡ μὲν ἑτέρων πραγμάτων ᾖ ἐπιστήμη, ἡ δ᾽ ἑτέρων, οὕτω καλῶ τὴν μὲν ἄλλην, τὴν δὲ ἄλλην
","δῆτα . οὐκοῦν πᾶς τέχνη , ἕτερος τέχνη γιγνώσκω , γνωσόμεθα ἕτερος ; πρότερος ἀπόκριναι : ἕτερος φημί τέχνη , δέ ἕτερος ; ναί . ἆρα ὥσπερ τεκμαίρομαι , ὅταν ἕτερος πρᾶγμα ἐπιστήμη , δέ ἕτερος , καλέω , 
"
37,.537e,https://www.perseus.tufts.edu/hopper/xmlchunk?doc=Perseus%3atext%3a1999.01.0179%3atext%3dIon%3Asection%3D537e,"τέχνην, οὕτω καὶ σύ; ναί. εἰ γάρ που τῶν αὐτῶν πραγμάτων ἐπιστήμη εἴη τις, τί ἂν τὴν μὲν ἑτέραν φαῖμεν εἶναι, τὴν δ᾽ ἑτέραν, ὁπότε γε ταὐτὰ εἴη εἰδέναι ἀπ᾽ ἀμφοτέρων; ὥσπερ ἐγώ τε γιγνώσκω ὅτι πέντε εἰσὶν οὗτοι οἱ δάκτυλοι, καὶ σύ, ὥσπερ ἐγώ, περὶ τούτων ταὐτὰ γιγνώσκεις: καὶ εἴ σε ἐγὼ ἐροίμην εἰ τῇ αὐτῇ τέχνῃ γιγνώσκομεν τῇ ἀριθμητικῇ τὰ αὐτὰ ἐγώ τε καὶ σὺ ἢ ἄλλῃ, φαίης ἂν δήπου τῇ αὐτῇ. ναί.
","τέχνη , ; ναί . πού πρᾶγμα ἐπιστήμη , ἕτερος φαῖ , δέ ἕτερος , ὁπότε οἶδα ἀπ᾽ ἀμφότερος ; ὥσπερ γιγνώσκω πέντε δάκτυλον , , ὥσπερ , γιγνώσκω : ἐνράνομαι τέχνη γιγνώσκω ἀριθμητικός , φημί δήπου . ναί . 
"
38,.538a,https://www.perseus.tufts.edu/hopper/xmlchunk?doc=Perseus%3atext%3a1999.01.0179%3atext%3dIon%3Asection%3D538a," ὃ τοίνυν ἄρτι ἔμελλον ἐρήσεσθαί σε, νυνὶ εἰπέ, εἰ κατὰ πασῶν τῶν τεχνῶν οὕτω σοι δοκεῖ, τῇ μὲν αὐτῇ τέχνῃ τὰ αὐτὰ ἀναγκαῖον εἶναι γιγνώσκειν, τῇ δ᾽ ἑτέρᾳ μὴ τὰ αὐτά, ἀλλ᾽ εἴπερ ἄλλη ἐστίν, ἀναγκαῖον καὶ ἕτερα γιγνώσκειν. οὕτω μοι δοκεῖ, ὦ Σώκρατες. οὐκοῦν ὅστις ἂν μὴ ἔχῃ τινὰ τέχνην, ταύτης τῆς τέχνης τὰ λεγόμενα ἢ πραττόμενα καλῶς γιγνώσκειν οὐχ οἷός τ᾽ ἔσται; 
","  τοίνυν ἄρτι μέλλω ἐρήσεσθαί , νυνί εἶπον , πᾶς τέχνη δοκέω , τέχνη ἀναγκαῖος γιγνώσκω , δέ ἕτερος , ἀλλ᾽ εἴπερ , ἀναγκαῖος ἕτερος γιγνώσκω . δοκέω , Σώκρατες . οὐκοῦν ἔχω τέχνη , τέχνη λέγω πράσσω καλός γιγνώσκω οἷος τ᾽ ; 
"
39,.538b,https://www.perseus.tufts.edu/hopper/xmlchunk?doc=Perseus%3atext%3a1999.01.0179%3atext%3dIon%3Asection%3D538b,"ἀληθῆ λέγεις. πότερον οὖν περὶ τῶν ἐπῶν ὧν εἶπες, εἴτε καλῶς λέγει Ὅμηρος εἴτε μή, σὺ κάλλιον γνώσῃ ἢ ἡνίοχος; Ἡνίοχος. Ῥαψῳδὸς γάρ που εἶ ἀλλ᾽ οὐχ ἡνίοχος. ναί. ἡ δὲ ῥαψῳδικὴ τέχνη ἑτέρα ἐστὶ τῆς ἡνιοχικῆς; ναί. εἰ ἄρα ἑτέρα, περὶ ἑτέρων καὶ ἐπιστήμη πραγμάτων ἐστίν. ναί. τί δὲ δὴ ὅταν Ὅμηρος λέγῃ ὡς τετρωμένῳ τῷ Μαχάονι Ἑκαμήδη ἡ Νέστορος παλλακὴ κυκεῶνα πίνειν
    ","ἀληθής λέγω . πότερος ἔπος εἶπον , εἴτε καλός λέγω ὅμηρος εἴτε , καλός γιγνώσκω ἡνίοχος ; ἡνίοχος . Ῥαψῳδὸς πού ἀλλ᾽ ἡνίοχος . ναί . ῥαψῳδικός τέχνη ἕτερος ἡνιοχικός ; ναί . ἕτερος , ἕτερος ἐπιστήμη πρᾶγμα . ναί . ὅταν ὅμηρος λέγω τετρωμένῳ Μαχάων ἑκαμήδη νέστωρ παλλακή κυκεῶν πίνω 
    "
40,.538c,https://www.perseus.tufts.edu/hopper/xmlchunk?doc=Perseus%3atext%3a1999.01.0179%3atext%3dIon%3Asection%3D538c,"δίδωσι; καὶ λέγει πως οὕτως—οἴνῳ πραμνείῳ, φησίν, ἐπὶ δ᾽ αἴγειον κνῆ τυρὸνκνήστι χαλκείῃ: παρὰ δὲ κρόμυον ποτῷ ὄψον:ηομ. ιλ. 11.639-40ταῦτα εἴτε ὀρθῶς λέγει Ὅμηρος εἴτε μή, πότερον ἰατρικῆς ἐστι διαγνῶναι καλῶς ἢ ῥαψῳδικῆς; Ἰατρικῆς. τί δέ, ὅταν λέγῃ Ὅμηρος—
    ","δίδωμι ; λέγω οὔπως — οἶνον πράμνειος , φημί , δέ αἴγειος κνάω τυρὸνκνήστις χάλκειος : κρόμυος ποτῷ ὄψον : ηομ . ιλς . 11.639 - 40ταῦτα εἴτε ὀρθός λέγω ὅμηρος εἴτε , πότερος ἰατρικῆ γιδιαγνώσκω καλός ῥαψῳδικῆς ; Ἰατρικῆ . , ὅταν λέγω ὅμηρος — 
    "
41,.538d,https://www.perseus.tufts.edu/hopper/xmlchunk?doc=Perseus%3atext%3a1999.01.0179%3atext%3dIon%3Asection%3D538d,"ἡ δὲ μολυβδαίνῃ ἰκέλη ἐς βυσσὸν ἵκανεν,ἥ τε κατ᾽ ἀγραύλοιο βοὸς κέρας ἐμμεμαυῖαἔρχεται ὠμηστῇσι μετ᾽ ἰχθύσι πῆμα φέρουσα:ηομ. ιλ. 24.80-82ταῦτα πότερον φῶμεν ἁλιευτικῆς εἶναι τέχνης μᾶλλον κρῖναι ἢ ῥαψῳδικῆς, ἅττα λέγει καὶ εἴτε καλῶς εἴτε μή; δῆλον δή, ὦ Σώκρατες, ὅτι ἁλιευτικῆς. σκέψαι δή, σοῦ ἐρομένου, εἰ ἔροιό με: ἐπειδὴ
","μολύβδαινα ἴκελος βυσσός ἵκανεν,ἥ κατ᾽ ἄγραυλος βοῦς κέρας ἐμμεμαυῖαἔρχεται ὠμηστῇσι μετ᾽ ἰχθύς πῆμα φέρω : ηομ . ιλ . 24.80 - 82ταῦτος πότερος φέω ἁλιευτικός τέχνη μᾶλλον κρίνω ῥαψῳδικός , ἅττος λέγω εἴτε καλός εἴτε ; δῆλος , Σώκρατες , ἁλιευτικός . σκέπτομαι , ἐρομένου , ἔροιό : ἐπεί 
"
42,.538e,https://www.perseus.tufts.edu/hopper/xmlchunk?doc=Perseus%3atext%3a1999.01.0179%3atext%3dIon%3Asection%3D538e,"τοίνυν, ὦ Σώκρατες, τούτων τῶν τεχνῶν ἐν Ὁμήρῳ εὑρίσκεις ἃ προσήκει ἑκάστῃ διακρίνειν, ἴθι μοι ἔξευρε καὶ τὰ τοῦ μάντεώς τε καὶ μαντικῆς, ποῖά ἐστιν ἃ προσήκει αὐτῷ οἵῳ τ᾽ εἶναι διαγιγνώσκειν, εἴτε εὖ εἴτε κακῶς πεποίηται — σκέψαι ὡς ῥᾳδίως τε καὶ ἀληθῆ ἐγώ σοι ἀποκρινοῦμαι. πολλαχοῦ μὲν γὰρ καὶ ἐν Ὀδυσσείᾳ λέγει, οἷον καὶ ἃ ὁ τῶν Μελαμποδιδῶν λέγει μάντις πρὸς τοὺς μνηστῆρας, Θεοκλύμενος—
","τοίνυν , Σώκρατες , τέχνη Ὅμηρος εὑρίσκω προσήκω ἕκαστος διακρίνω , εἶμι ἔξευρε μάντεώς μαντικῆ , ποῖος προσήκω οἷος τ᾽ διαγιγνώσκω , εἴτε εὖ εἴτε κακός ποιέω — σκέπτομαι ῥᾴδιος ἀληθής ἀποκρινοῦμι . πολλαχοῦ Ὀδυσσεία λέγω , οἷος Μελαμποδιδῶν λέγω μάντις μνηστήρ , Θεοκλύμενος — 
"
43,.539a,https://www.perseus.tufts.edu/hopper/xmlchunk?doc=Perseus%3atext%3a1999.01.0179%3atext%3dIon%3Asection%3D539a,"δαιμόνιοι, τί κακὸν τόδε πάσχετε; νυκτὶ μὲν ὑμέωνεἰλύαται κεφαλαί τε πρόσωπά τε νέρθε τε γυῖα,οἰμωγὴ δὲ δέδηε, δεδάκρυνται δὲ παρειαί:εἰδώλων τε πλέον πρόθυρον, πλείη δὲ καὶ αὐλὴἱεμένων ἔρεβόσδε ὑπὸ ζόφον: ἠέλιος δὲηομ. οδ. 20.351-57
","δαιμόνιος , κακός πάσχω ; νύξ ὑμέωνεἰλύαται κεφαλή πρόσωπον νέρθε γυῖον , οἰμωγή δαίω , δεδάκρυνται παρειαί : εἴδωλον πολύς πρόθυρον , πλείως αὐλὴἱεμένων ἔρεβόσδε ζόφος : ἠέλιος δὲηομ . οδδέ . 20.351 - 57 
"
44,.539b,https://www.perseus.tufts.edu/hopper/xmlchunk?doc=Perseus%3atext%3a1999.01.0179%3atext%3dIon%3Asection%3D539b,"οὐρανοῦ ἐξαπόλωλε, κακὴ δ᾽ ἐπιδέδρομεν ἀχλύς: πολλαχοῦ δὲ καὶ ἐν Ἰλιάδι, οἷον καὶ ἐπὶ τειχομαχίᾳ: λέγει γὰρ καὶ ἐνταῦθα -- ὄρνις γάρ σφιν ἐπῆλθε περησέμεναι μεμαῶσιν,αἰετὸς ὑψιπέτης, ἐπ᾽ ἀριστερὰ λαὸν ἐέργων,ηομ. ιλ. 12.200-7
","οὐρανός ἐξαπόλλυμι , κακός δέ ἐπιδέδρομεν ἀχλύς : πολλαχοῦ ἰλιάς , οἷος τειχομαχία : λέγω ἐνταῦθα -- ὄρνις σφεῖς ἐπέρχομαι τίπερημι μεμαῶσιν , ἀετός ὑψιπέτης , ἐπ᾽ ἀριστερός λαός ἔργω , ηομ . ιλς . 12.200 - 7 
"
45,.539c,https://www.perseus.tufts.edu/hopper/xmlchunk?doc=Perseus%3atext%3a1999.01.0179%3atext%3dIon%3Asection%3D539c,"φοινήεντα δράκοντα φέρων ὀνύχεσσι πέλωρον,ζῷον, ἔτ᾽ ἀσπαίροντα: καὶ οὔπω λήθετο χάρμης.κόψε γὰρ αὐτὸν ἔχοντα κατὰ στῆθος παρὰ δειρὴνἰδνωθεὶς ὀπίσω, ὁ δ᾽ ἀπὸ ἕθεν ἧκε χαμᾶζεἀλγήσας ὀδύνῃσι, μέσῳ δ᾽ ἐνὶ κάββαλ᾽ ὁμίλῳ:
","φοινήεις δράκων φέρω ὄνυξ πέλωρος , ζώιον , ἔτ᾽ ἀσπαίρω : οὔπω λανθάνω χάρμης.κόψε ἔχω στῆθος δειρὴνἰδνωθεὶς ὀπίσω , δέ ἕ ἵημι χαμᾶζεἀλγέω ὀδύνη , μέσος δέ κάββαλ᾽ ὅμιλος : 
"
46,.539d,https://www.perseus.tufts.edu/hopper/xmlchunk?doc=Perseus%3atext%3a1999.01.0179%3atext%3dIon%3Asection%3D539d,"αὐτὸς δὲ κλάγξας πέτετο πνοιῇς ἀνέμοιο.  ταῦτα φήσω καὶ τὰ τοιαῦτα τῷ μάντει προσήκειν καὶ σκοπεῖν καὶ κρίνειν. ἀληθῆ γε σὺ λέγων, ὦ Σώκρατες. καὶ σύ γε, ὦ Ἴων, ἀληθῆ ταῦτα λέγεις. ἴθι δὴ καὶ σὺ ἐμοί, ὥσπερ ἐγὼ σοὶ ἐξέλεξα καὶ ἐξ Ὀδυσσείας καὶ ἐξ Ἰλιάδος ὁποῖα τοῦ μάντεώς ἐστι καὶ ὁποῖα τοῦ ἰατροῦ καὶ
","κλάγζω πέτομαι πνοή ἄνεμος .   φέω μάντις προσήκω σκοπέω κρίνω . ἀληθής λέγω , Σώκρατες . , ἴον , ἀληθής λέγω . εἶμι , ὥσπερ ἐξέλεξα Ὀδυσσεία Ἰλιάς ὁποῖος μάντεώς ὁποῖος ἰατρός 
"
47,.539e,https://www.perseus.tufts.edu/hopper/xmlchunk?doc=Perseus%3atext%3a1999.01.0179%3atext%3dIon%3Asection%3D539e,"ὁποῖα τοῦ ἁλιέως, οὕτω καὶ σὺ ἐμοὶ ἔκλεξον, ἐπειδὴ καὶ ἐμπειρότερος εἶ ἐμοῦ τῶν Ὁμήρου, ὁποῖα τοῦ ῥαψῳδοῦ ἐστιν, ὦ Ἴων, καὶ τῆς τέχνης τῆς ῥαψῳδικῆς, ἃ τῷ ῥαψῳδῷ προσήκει καὶ σκοπεῖσθαι καὶ διακρίνειν παρὰ τοὺς ἄλλους ἀνθρώπους. ἐγὼ μέν φημι, ὦ Σώκρατες, ἅπαντα. οὐ σύ γε φῄς, ὦ Ἴων, ἅπαντα: ἢ οὕτως ἐπιλήσμων εἶ; καίτοι οὐκ ἂν πρέποι γε ἐπιλήσμονα εἶναι ῥαψῳδὸν ἄνδρα.
","ὁποῖος ἁλιεύς , ἔκλεξον , ἐπεί ἐμπειρότερος Ὅμηρος , ὁποῖος ῥαψῳδοῦ , ἴον , τέχνη ῥαψῳδικός , ῥαψῳδός προσήκω σκοπέω διακρίνω ἄνθρωπος . φημί , Σώκρατες , ἅπας . φημί , ἴον , ἅπας : ἐπιλήσμων ; καίτοι πρέπω ἐπιλήσμονος ῥαψῳδὸς ἀνήρ . 
"
48,.540a,https://www.perseus.tufts.edu/hopper/xmlchunk?doc=Perseus%3atext%3a1999.01.0179%3atext%3dIon%3Asection%3D540a," τί δὲ δὴ ἐπιλανθάνομαι; οὐ μέμνησαι ὅτι ἔφησθα τὴν ῥαψῳδικὴν τέχνην ἑτέραν εἶναι τῆς ἡνιοχικῆς; μέμνημαι. οὐκοῦν καὶ ἑτέραν οὖσαν ἕτερα γνώσεσθαι ὡμολόγεις; ναί. οὐκ ἄρα πάντα γε γνώσεται ἡ ῥαψῳδικὴ κατὰ τὸν σὸν λόγον οὐδὲ ὁ ῥαψῳδός. πλήν γε ἴσως τὰ τοιαῦτα, ὦ Σώκρατες.
","  ἐπιλανθάνω ; μιμνήσκω φημί ῥαψῳδικός τέχνη ἕτερος ἡνιοχικός ; μιμνήσκω . οὐκοῦν ἕτερος ἕτερος γνώθω ὡμολόγεις ; ναί . πᾶς γιγνώσκω ῥαψῳδικός λόγος ῥαψῳδός . πλήν ἴσως , Σώκρατες . 
"
49,.540b,https://www.perseus.tufts.edu/hopper/xmlchunk?doc=Perseus%3atext%3a1999.01.0179%3atext%3dIon%3Asection%3D540b," τὰ τοιαῦτα δὲ λέγεις πλὴν τὰ τῶν ἄλλων τεχνῶν σχεδόν τι: ἀλλὰ ποῖα δὴ γνώσεται, ἐπειδὴ οὐχ ἅπαντα; ἃ πρέπει, οἶμαι ἔγωγε, ἀνδρὶ εἰπεῖν καὶ ὁποῖα γυναικί, καὶ ὁποῖα δούλῳ καὶ ὁποῖα ἐλευθέρῳ, καὶ ὁποῖα ἀρχομένῳ καὶ ὁποῖα ἄρχοντι. ἆρα ὁποῖα ἄρχοντι, λέγεις, ἐν θαλάττῃ χειμαζομένου πλοίου πρέπει εἰπεῖν, ὁ ῥαψῳδὸς γνώσεται κάλλιον ἢ ὁ κυβερνήτης; οὔκ, ἀλλὰ ὁ κυβερνήτης τοῦτό γε.
","  λέγω πλήν τέχνη σχεδόν : ποῖος γιγνώσκω , ἐπεί ἅπας ; πρέπω , οἱόμαι , ἀνήρ εἶπον ὁποῖος γυνή , ὁποῖος δοῦλος ὁποῖος ἐλευθέρῳ , ὁποῖος ἀρχομένῳ ὁποῖος ἄρχω . ἆρα ὁποῖος ἄρχω , λέγω , θαλάττῃ χειμάζω πλοῖον πρέπω εἶπον , ῥαψῳδός γιγνώσκω καλός κυβερνήτης ; οὔ , κυβερνήτης . 
"
50,.540c,https://www.perseus.tufts.edu/hopper/xmlchunk?doc=Perseus%3atext%3a1999.01.0179%3atext%3dIon%3Asection%3D540c," ἀλλ᾽ ὁποῖα ἄρχοντι κάμνοντος πρέπει εἰπεῖν, ὁ ῥαψῳδὸς γνώσεται κάλλιον ἢ ὁ ἰατρός; οὐδὲ τοῦτο. ἀλλ᾽ οἷα δούλῳ πρέπει, λέγεις; ναί. οἷον βουκόλῳ λέγεις δούλῳ ἃ πρέπει εἰπεῖν ἀγριαινουσῶν βοῶν παραμυθουμένῳ, ὁ ῥαψῳδὸς γνώσεται ἀλλ᾽ οὐχ ὁ βουκόλος; οὐ δῆτα. ἀλλ᾽ οἷα γυναικὶ πρέποντά ἐστιν εἰπεῖν ταλασιουργῷ περὶ ἐρίων
","  ἀλλ᾽ ὁποῖος ἄρχων κάμνω πρέπω εἶπον , ῥαψῳδὸς γιγνώσκω καλός ἰατρός ; . ἀλλ᾽ οἷος δοῦλος πρέπω , λέγω ; ναί . οἷος βούκολος λέγω δοῦλος πρέπω εἶπον ἀγριαίνω βοῦς παραμυθόω , ῥαψῳδὸς γιγνώσκω ἀλλ᾽ βουκόλος ; δῆτα . ἀλλ᾽ οἷος γυνή πρέπω εἶπον ταλασιουργῷ ἐρῖον 
"
51,.540d,https://www.perseus.tufts.edu/hopper/xmlchunk?doc=Perseus%3atext%3a1999.01.0179%3atext%3dIon%3Asection%3D540d,"ἐργασίας; οὔ. ἀλλ᾽ οἷα ἀνδρὶ πρέπει εἰπεῖν γνώσεται στρατηγῷ στρατιώταις παραινοῦντι; ναί, τὰ τοιαῦτα γνώσεται ὁ ῥαψῳδός. τί δέ; ἡ ῥαψῳδικὴ τέχνη στρατηγική ἐστιν; Γνοίην γοῦν ἂν ἔγωγε οἷα στρατηγὸν πρέπει εἰπεῖν. ἴσως γὰρ εἶ καὶ στρατηγικός, ὦ Ἴων. καὶ γὰρ εἰ ἐτύγχανες ἱππικὸς ὢν ἅμα καὶ κιθαριστικός, ἔγνως ἂν ἵππους
","ἐργασία ; . ἀλλ᾽ οἷος ἀνήρ πρέπω εἶπον γιγνώσκω στρατηγός στρατιώτης παραινέω ; ναί , γιγνώσκω ῥαψῳδός . ; ῥαψῳδικός τέχνη στρατηγικός ; Γνοίην γοῦν οἷος στρατηγός πρέπω εἶπον . ἴσως στρατηγικός , ἴον . ἐτύγχανες ἱππικός ἅμα κιθαριστικός , γιγνώσκω ἵππος 
"
52,.540e,https://www.perseus.tufts.edu/hopper/xmlchunk?doc=Perseus%3atext%3a1999.01.0179%3atext%3dIon%3Asection%3D540e,"εὖ καὶ κακῶς ἱππαζομένους: ἀλλ᾽ εἴ σ᾽ ἐγὼ ἠρόμην: ποτέρᾳ δὴ τέχνῃ, ὦ Ἴων, γιγνώσκεις τοὺς εὖ ἱππαζομένους ἵππους; ᾗ ἱππεὺς εἶ ἢ ᾗ κιθαριστής; τί ἄν μοι ἀπεκρίνω; ἧι ἱππεύς, ἔγωγ᾽ ἄν. οὐκοῦν εἰ καὶ τοὺς εὖ κιθαρίζοντας διεγίγνωσκες, ὡμολόγεις ἄν, ᾗ κιθαριστὴς εἶ, ταύτῃ διαγιγνώσκειν, ἀλλ᾽ οὐχ ᾗ ἱππεύς. ναί. ἐπειδὴ δὲ τὰ στρατιωτικὰ γιγνώσκεις, πότερον ᾗ στρατηγικὸς εἶ γιγνώσκεις ἢ ᾗ ῥαψῳδὸς ἀγαθός; οὐδὲν ἔμοιγε δοκεῖ διαφέρειν.
","εὖ κακός ἱππάζω : ἀλλ᾽ σ᾽ ἠρόμην : ποτέρᾳ τέχνη , ἴον , γιγνώσκω εὖ ἱππαζομένους ἵππος ; ἱππεύς κιθαριστής ; ἀπεκρίνω ; ἧι ἱππεύς , ἔγωγ᾽ . οὐκοῦν εὖ κιθαρίζω διεγίγνωσκες , ὁμολογέω , κιθαριστὴς , διαγιγνώσκω , ἀλλ᾽ ἱππεύς . ναί . ἐπεί στρατιωτικός γιγνώσκω , πότερος στρατηγικός γιγνώσκω ῥαψῳδὸς ἀγαθός ; δοκέω διαφέρω . 
"
53,.541a,https://www.perseus.tufts.edu/hopper/xmlchunk?doc=Perseus%3atext%3a1999.01.0179%3atext%3dIon%3Asection%3D541a," πῶς; οὐδὲν λέγεις διαφέρειν; μίαν λέγεις τέχνην εἶναι τὴν ῥαψῳδικὴν καὶ τὴν στρατηγικὴν ἢ δύο; μία ἔμοιγε δοκεῖ. ὅστις ἄρα ἀγαθὸς ῥαψῳδός ἐστιν, οὗτος καὶ ἀγαθὸς στρατηγὸς τυγχάνει ὤν; μάλιστα, ὦ Σώκρατες. οὐκοῦν καὶ ὅστις ἀγαθὸς στρατηγὸς τυγχάνει ὤν, ἀγαθὸς καὶ ῥαψῳδός ἐστιν. οὐκ αὖ μοι δοκεῖ τοῦτο. ἀλλ᾽ ἐκεῖνο μὴν δοκεῖ σοι, ὅστις γε ἀγαθὸς
","  πῶς ; λέγω διαφέρω ; εἷς λέγω τέχνη ῥαψῳδικός στρατηγικὴ δύο ; εἷς δοκέω . ἀγαθός ῥαψῳδός , ἀγαθός στρατηγός τυγχάνω ; μάλιστα , Σώκρατες . οὐκοῦν ἀγαθός στρατηγός τυγχάνω , ἀγαθός ῥαψῳδός . αὖ δοκέω . ἀλλ᾽ ἐκεῖνος μήν δοκέω , ἀγαθός 
"
54,.541b,https://www.perseus.tufts.edu/hopper/xmlchunk?doc=Perseus%3atext%3a1999.01.0179%3atext%3dIon%3Asection%3D541b,"ῥαψῳδός, καὶ στρατηγὸς ἀγαθὸς εἶναι; πάνυ γε. οὐκοῦν σὺ τῶν Ἑλλήνων ἄριστος ῥαψῳδὸς εἶ; πολύ γε, ὦ Σώκρατες. ἦ καὶ στρατηγός, ὦ Ἴων, τῶν Ἑλλήνων ἄριστος εἶ; εὖ ἴσθι, ὦ Σώκρατες: καὶ ταῦτά γε ἐκ τῶν Ὁμήρου μαθών. τί δή ποτ᾽ οὖν πρὸς τῶν θεῶν, ὦ Ἴων, ἀμφότερα ἄριστος ὢν τῶν Ἑλλήνων, καὶ στρατηγὸς καὶ ῥαψῳδός, ῥαψῳδεῖς μὲν περιιὼν τοῖς Ἕλλησι, στρατηγεῖς δ᾽ οὔ; ἢ
","ῥαψῳδός , στρατηγός ἀγαθός ; πάνυ . οὐκοῦν ἕλλην ἄριστος ῥαψῳδὸς ; πολύς , Σώκρατες . στρατηγός , ἴον , ἕλλην ἄριστος ; εὖ οἶδα , Σώκρατες : Ὅμηρος μανθάνω . ποτ᾽ θεός , ἴον , ἀμφότερος ἄριστος ἕλλην , στρατηγός ῥαψῳδός , ῥαψῳδής περίειμι ἕλλην , στρατηγέω δέ ; 
"
55,.541c,https://www.perseus.tufts.edu/hopper/xmlchunk?doc=Perseus%3atext%3a1999.01.0179%3atext%3dIon%3Asection%3D541c,"ῥαψῳδοῦ μὲν δοκεῖ σοι χρυσῷ στεφάνῳ ἐστεφανωμένου πολλὴ χρεία εἶναι τοῖς Ἕλλησι, στρατηγοῦ δὲ οὐδεμία; ἡ μὲν γὰρ ἡμετέρα, ὦ Σώκρατες, πόλις ἄρχεται ὑπὸ ὑμῶν καὶ στρατηγεῖται καὶ οὐδὲν δεῖται στρατηγοῦ, ἡ δὲ ὑμετέρα καὶ ἡ Λακεδαιμονίων οὐκ ἄν με ἕλοιτο στρατηγόν: αὐτοὶ γὰρ οἴεσθε ἱκανοὶ εἶναι. ὦ βέλτιστε Ἴων, Ἀπολλόδωρον οὐ γιγνώσκεις τὸν Κυζικηνόν; ποῖον τοῦτον; ὃν Ἀθηναῖοι πολλάκις ἑαυτῶν στρατηγὸν ᾕρηνται
","ῥαψῳυῦ δοκέω χρυσός στέφανος ἐστεφανάομαι πολύς χρεία ἕλλην , στρατηγός ; ἡμετέρα , Σώκρατες , πόλις ἄρχω στρατηγέω δέω στρατηγός , ὑμέτερος λακεδαιμόνιος αἱρέω στρατηγός : οἴεμαι ἱκανός . βέλτιστος ἴον , Ἀπολλόδωρος γιγνώσκω Κυζικηνός ; ποῖος ; ἀθηναῖος πολλάκις στρατηγός ᾕρηνται 
"
56,.541d,https://www.perseus.tufts.edu/hopper/xmlchunk?doc=Perseus%3atext%3a1999.01.0179%3atext%3dIon%3Asection%3D541d,"ξένον ὄντα: καὶ Φανοσθένη τὸν Ἄνδριον καὶ Ἡρακλείδην τὸν Κλαζομένιον, οὓς ἥδε ἡ πόλις ξένους ὄντας, ἐνδειξαμένους ὅτι ἄξιοι λόγου εἰσί, καὶ εἰς στρατηγίας καὶ εἰς τὰς ἄλλας ἀρχὰς ἄγει: Ἴωνα δ᾽ ἄρα τὸν Ἐφέσιον οὐχ αἱρήσεται στρατηγὸν καὶ τιμήσει, ἐὰν δοκῇ ἄξιος λόγου εἶναι; τί δέ; οὐκ Ἀθηναῖοι μέν ἐστε οἱ Ἐφέσιοι τὸ ἀρχαῖον, καὶ ἡ Ἔφεσος
","ξένος : Φανοσθένης Ἄνδριος Ἡρακλείδης Κλαζομένιος , πόλις ξένος , ἐνδεινξάναμαι ἄξιος λόγος , στρατηγία ἀρχή ἄγω : Ἴως δέ ἐφέσιος αἱράω στρατηγός τιμάω , δοκέω ἄξιος λόγος ; ; ἀθηναῖος ἐφέσιος ἀρχαῖος , ἔφεσος 
"
57,.541e,https://www.perseus.tufts.edu/hopper/xmlchunk?doc=Perseus%3atext%3a1999.01.0179%3atext%3dIon%3Asection%3D541e,"οὐδεμιᾶς ἐλάττων πόλεως; ἀλλὰ γὰρ σύ, ὦ Ἴων, εἰ μὲν ἀληθῆ λέγεις ὡς τέχνῃ καὶ ἐπιστήμῃ οἷός τε εἶ Ὅμηρον ἐπαινεῖν, ἀδικεῖς, ὅστις ἐμοὶ ὑποσχόμενος ὡς πολλὰ καὶ καλὰ περὶ Ὁμήρου ἐπίστασαι καὶ φάσκων ἐπιδείξειν, ἐξαπατᾷς με καὶ πολλοῦ δεῖς ἐπιδεῖξαι, ὅς γε οὐδὲ ἅττα ἐστὶ ταῦτα περὶ ὧν δεινὸς εἶ ἐθέλεις εἰπεῖν, πάλαι ἐμοῦ λιπαροῦντος, ἀλλὰ ἀτεχνῶς ὥσπερ ὁ Πρωτεὺς παντοδαπὸς γίγνῃ στρεφόμενος ἄνω καὶ κάτω, ἕως τελευτῶν διαφυγών με στρατηγὸς ἀνεφάνης,
","οὐδεμιᾶς ἐλάσσων πόλις ; , ἴον , ἀληθής λέγω τέχνη ἐπιστήμη οἷος Ὅμηρος ἐπαινέω , ἀδικέω , ὑπισχνέομαι πολύς καλός Ὅμηρος ἐπίσταμαι φάσκω ἐπιδείξειν , ἐξαπατάω πολύς δεῖς ἐπιδείκνυμι , ἅττος δεινός ἐθέλω εἶπον , πάλαι λιπαρέω , ἀτεχνῶς ὥσπερ Πρωτεύς παντοδαπὸς γίγνομαι στρέφω ἄνω κάτω , ἕως τελευτάω διαφυγών στρατηγός ἀνεφάνης , 
"
58,.542a,https://www.perseus.tufts.edu/hopper/xmlchunk?doc=Perseus%3atext%3a1999.01.0179%3atext%3dIon%3Asection%3D542a,"ἵνα μὴ ἐπιδείξῃς ὡς δεινὸς εἶ τὴν περὶ Ὁμήρου σοφίαν. εἰ μὲν οὖν τεχνικὸς ὤν, ὅπερ νυνδὴ ἔλεγον, περὶ Ὁμήρου ὑποσχόμενος ἐπιδείξειν ἐξαπατᾷς με, ἄδικος εἶ: εἰ δὲ μὴ τεχνικὸς εἶ, ἀλλὰ θείᾳ μοίρᾳ κατεχόμενος ἐξ Ὁμήρου μηδὲν εἰδὼς πολλὰ καὶ καλὰ λέγεις περὶ τοῦ ποιητοῦ, ὥσπερ ἐγὼ εἶπον περὶ σοῦ, οὐδὲν ἀδικεῖς. ἑλοῦ οὖν πότερα βούλει νομίζεσθαι ὑπὸ ἡμῶν ἄδικος ἀνὴρ εἶναι ἢ θεῖος.
","ἵνα ἐπιδείσσω δεινός Ὅμηρος σοφία . τεχνικός , ὅσπερ νυνδὴ λέγω , Ὅμηρος ὑπισχνέομαι ἐπιδείξειν ἐξαπατάω , ἄδικος : τεχνικὸς , θεῖος μοίρᾳ κατέχω Ὅμηρος μηδείς οἶδα πολύς καλός λέγω ποιητής , ὥσπερ εἶπον , ἀδικέω . αἱρέω πότερος βούλομαι νομίζω ἄδικος ἀνήρ θεῖος . 
"
59,.542b,https://www.perseus.tufts.edu/hopper/xmlchunk?doc=Perseus%3atext%3a1999.01.0179%3atext%3dIon%3Asection%3D542b," πολὺ διαφέρει, ὦ Σώκρατες: πολὺ γὰρ κάλλιον τὸ θεῖον νομίζεσθαι. τοῦτο τοίνυν τὸ κάλλιον ὑπάρχει σοι παρ᾽ ἡμῖν, ὦ Ἴων, θεῖον εἶναι καὶ μὴ τεχνικὸν περὶ Ὁμήρου ἐπαινέτην.","  πολύς διαφέρω , Σώκρατες : πολύς καλός θεῖος νομίζω . τοίνυν καλός ὑπάρχω παρ᾽ , ἴον , θεῖος τεχνικὸς Ὅμηρος ἐπαινέτης ."
